node_id,phase,year,start_day,kill_effect,kill_decay,block_effect,block_decay,discard_k,discard_l,coverage
1,pickup,2010,18415,0.264781107,1460,0.080838461,730,2.3,912.5,0.608462809
1,pickup,2013,19510,0.289710659,1460,0.822301237,730,2.3,912.5,0.916523208
1,pickup,2016,20605,0.13389501,1460,0.782449899,730,2.3,912.5,0.501574689
1,pickup,2019,21700,0.080838461,1460,0.736546547,730,2.3,912.5,0.98
