node_id,phase,year,age,age_usage
1,pickup,2010,0,1
1,pickup,2010,5,0.403056597
1,pickup,2010,15,0.364290677
1,pickup,2013,0,1
1,pickup,2013,5,0.922713092
1,pickup,2013,15,0.838530014
1,pickup,2016,0,1
1,pickup,2016,5,0.801288707
1,pickup,2016,15,0.620945815
1,pickup,2019,0,1
1,pickup,2019,5,0.801288707
1,pickup,2019,15,0.620945815
